06/11/2023,11:00,45678,123.456.789-00
08/06/2024,10:30,23456,123.456.789-00
18/09/2023,13:30,90123,123.456.789-00
28/12/2023,18:00,12345,234.567.890-11
19/05/2023,15:00,11234,234.567.890-11
21/06/2024,14:00,34567,234.567.890-11
29/06/2024,16:30,78901,345.678.901-22
05/12/2023,12:30,34567,345.678.901-22
18/02/2024,14:00,23456,345.678.901-22
27/06/2024,08:00,45678,456.789.012-33
12/05/2024,10:00,34567,456.789.012-33
11/05/2024,10:00,34567,456.789.012-33
12/09/2023,18:00,12345,567.890.123-44
05/03/2024,15:30,78901,567.890.123-44
17/04/2024,08:00,23456,567.890.123-44
10/03/2024,15:30,89012,678.901.234-55
28/06/2024,08:00,78901,678.901.234-55
14/01/2024,09:00,90123,789.012.345-66
12/02/2024,15:00,89012,789.012.345-66
09/08/2023,08:00,23456,890.123.456-77
15/03/2024,14:30,67890,890.123.456-77
01/06/2024,17:00,12345,901.234.567-88
15/04/2024,15:30,67890,901.234.567-88
29/07/2023,12:00,23456,901.234.567-88
20/01/2024,10:30,34567,012.345.678-99
16/05/2024,12:00,67890,012.345.678-99
27/04/2024,09:00,12345,012.345.678-99
21/06/2023,10:00,34567,123.456.789-10
23/09/2023,15:30,56789,123.456.789-10
01/02/2024,10:30,45678,234.567.890-21
13/08/2023,09:00,67890,234.567.890-21
30/05/2024,17:00,89012,234.567.890-21
11/12/2023,17:00,45678,345.678.901-32
06/08/2023,09:00,12345,345.678.901-32
04/07/2023,16:30,56789,345.678.901-32
13/06/2023,12:30,90123,456.789.012-43
27/04/2024,14:00,34567,456.789.012-43
12/01/2024,11:30,67890,456.789.012-43
05/10/2023,17:30,56789,567.890.123-54
04/03/2024,16:30,12345,567.890.123-54
25/10/2023,10:00,90123,678.901.234-65
14/01/2024,12:30,67890,678.901.234-65
28/05/2024,15:00,89012,789.012.345-76
10/06/2023,13:30,34567,789.012.345-76
11/05/2023,18:00,12345,890.123.456-87
20/07/2023,15:00,56789,890.123.456-87
20/08/2023,10:30,67890,890.123.456-87
21/02/2024,16:00,45678,901.234.567-98
21/01/2024,15:30,23456,901.234.567-98
02/02/2024,14:00,56789,012.345.678-09
21/11/2023,10:30,89012,012.345.678-09
14/12/2023,15:00,67890,123.456.789-21
18/09/2023,15:00,12345,123.456.789-21
16/02/2024,17:30,34567,123.456.789-21
16/12/2023,17:00,90123,234.567.890-51
24/06/2024,09:00,12345,234.567.890-51
14/03/2024,09:00,34567,234.567.890-51
01/07/2023,14:00,45678,345.678.911-42
06/01/2024,14:00,11234,345.678.911-42
18/01/2024,13:00,23456,456.780.012-53
02/06/2024,10:00,67890,456.780.012-53
04/06/2024,11:30,89012,456.780.012-53
09/04/2024,17:00,12345,567.890.123-66
19/02/2024,17:00,67890,567.890.123-66
27/09/2023,18:00,12345,678.901.234-70
09/03/2024,09:00,67890,678.901.234-70
12/05/2024,16:00,11234,189.012.345-86
31/08/2023,10:00,56789,189.012.345-86
22/09/2023,15:00,90123,189.012.345-86
04/01/2024,12:00,78901,890.124.456-97
28/05/2024,09:30,12345,890.124.456-97
21/06/2023,14:00,34567,890.124.456-97
04/05/2024,12:00,34567,901.234.567-09
18/06/2023,12:30,45678,901.234.567-09
22/11/2023,16:30,67890,901.234.567-09
27/10/2023,15:00,78901,012.345.678-20
02/06/2023,18:00,90123,012.345.678-20
29/03/2024,15:00,12345,123.456.789-20
20/01/2024,12:00,34567,123.456.789-20
11/09/2023,13:30,90123,123.456.789-20
16/02/2024,17:00,23456,234.567.890-31
19/06/2023,09:30,11234,234.567.890-31
09/07/2023,11:30,89012,345.678.901-42
22/04/2024,08:00,11234,345.678.901-42
09/10/2023,09:00,23456,456.789.012-53
16/06/2023,16:00,89012,456.789.012-53
24/05/2024,17:00,90123,456.789.012-53
16/03/2024,15:00,78901,567.890.123-64
23/05/2023,11:00,56789,567.890.123-64
10/02/2024,14:00,78901,678.901.234-75
09/01/2024,09:00,56789,678.901.234-75
26/10/2023,18:00,11234,789.012.345-86
28/04/2024,08:30,89012,789.012.345-86
21/02/2024,13:30,56789,890.123.456-97
02/07/2024,18:00,34567,890.123.456-97
19/02/2024,13:00,11234,901.234.567-08
02/10/2023,11:00,34567,901.234.567-08
08/05/2024,14:00,45678,012.345.678-19
17/12/2023,08:00,23456,012.345.678-19
21/06/2024,13:00,23456,123.456.789-30
27/08/2023,14:00,56789,123.456.789-30
22/10/2023,16:30,11234,123.456.789-30
23/05/2024,12:00,12345,234.567.890-41
23/05/2024,17:00,12345,234.567.890-41
04/12/2023,15:30,11234,234.567.890-41
28/05/2024,10:00,89012,345.678.901-52
14/06/2024,12:30,67890,345.678.901-52
03/04/2024,14:00,56789,345.678.901-52
13/12/2023,16:00,45678,456.789.012-63
29/01/2024,18:00,34567,456.789.012-63
09/04/2024,17:00,56789,456.789.012-63
20/09/2023,10:30,45678,567.890.123-74
01/09/2023,15:00,11234,567.890.123-74
13/04/2024,08:00,12345,678.901.234-85
11/11/2023,15:00,34567,678.901.234-85
10/01/2024,12:00,78901,678.901.234-85